"id","title","region_id"
85,Ивановский район,3
1,Гиагинский район,1
2,Кошехабльский район,1
3,Красногвардейский район,1
4,Майкопский район,1
5,Тахтамукайский район,1
6,Теучежский район,1
7,Шовгеновский район,1
8,городской округ Адыгейск,1
9,городской округ Майкоп,1
10,Алейский район,2
11,Алтайский район,2
12,Баевский район,2
13,Бийский район,2
14,Благовещенский район,2
15,Бурлинский район,2
16,Быстроистокский район,2
17,Волчихинский район,2
18,Егорьевский район,2
19,Ельцовский район,2
20,Завьяловский район,2
21,Залесовский район,2
22,Заринский район,2
23,ЗАТО Сибирский,2
24,Змеиногорский район,2
25,Зональный район,2
26,Калманский район,2
27,Каменский район,2
28,Ключевский район,2
29,Косихинский район,2
30,Красногорский район,2
31,Краснощёковский район,2
32,Крутихинский район,2
33,Кулундинский район,2
34,Курьинский район,2
35,Кытмановский район,2
36,Локтевский район,2
37,Мамонтовский район,2
38,Михайловский район,2
39,Немецкий национальный район,2
40,Новичихинский район,2
41,Павловский район,2
42,Панкрушихинский район,2
43,Первомайский район,2
44,Петропавловский район,2
45,Поспелихинский район,2
46,Ребрихинский район,2
47,Родинский район,2
48,Романовский район,2
49,Рубцовский район,2
50,Смоленский район,2
51,Советский район,2
52,Солонешенский район,2
53,Солтонский район,2
54,Суетский район,2
55,Табунский район,2
56,Тальменский район,2
57,Тогульский район,2
58,Топчихинский район,2
59,Третьяковский район,2
60,Троицкий район,2
61,Тюменцевский район,2
62,Угловский район,2
63,Усть-Калманский район,2
64,Усть-Пристанский район,2
65,Хабарский район,2
66,Целинный район,2
67,Чарышский район,2
68,Шелаболихинский район,2
69,Шипуновский район,2
70,городской округ Алейск,2
71,городской округ Барнаул,2
72,городской округ Белокуриха,2
73,городской округ Бийск,2
74,городской округ Заринск,2
75,городской округ Новоалтайск,2
76,городской округ Рубцовск,2
77,городской округ Славгород,2
78,городской округ Яровое,2
79,Архаринский район,3
80,Белогорский муниципальный округ,3
81,Благовещенский район,3
82,Бурейский район,3
83,Завитинский район,3
84,Зейский район,3
86,Константиновский район,3
87,Магдагачинский район,3
88,Мазановский район,3
89,Михайловский район,3
90,Октябрьский район,3
91,Ромненский муниципальный округ,3
92,Свободненский район,3
93,Селемджинский район,3
94,Серышевский район,3
95,Сковородинский район,3
96,Тамбовский район,3
97,Тындинский район,3
98,Шимановский район,3
99,городской округ Белогорск,3
100,городской округ Благовещенск,3
101,городской округ Зея,3
102,городской округ Прогресс,3
103,городской округ Райчихинск,3
104,городской округ Свободный,3
105,городской округ Тында,3
106,городской округ Шимановск,3
107,Вельский район,4
108,Верхнетоемский район,4
109,Вилегодский район,4
110,Виноградовский район,4
111,ЗАТО Мирный,4
112,Каргопольский район,4
113,Коношский район,4
114,Котласский район,4
115,Красноборский район,4
116,Ленский район,4
117,Лешуконский район,4
118,Мезенский район,4
119,Няндомский район,4
120,Онежский район,4
121,Пинежский район,4
122,Плесецкий район,4
123,Приморский район,4
124,Устьянский район,4
125,Холмогорский район,4
126,Шенкурский район,4
127,городской округ Архангельск,4
128,городской округ Коряжма,4
129,городской округ Котлас,4
130,городской округ Новая Земля,4
131,городской округ Новодвинск,4
132,городской округ Северодвинск,4
133,Ахтубинский район,5
134,Володарский район,5
135,Енотаевский район,5
136,ЗАТО Знаменск,5
137,Икрянинский район,5
138,Камызякский район,5
139,Красноярский район,5
140,Лиманский район,5
141,Наримановский район,5
142,Приволжский район,5
143,Харабалинский район,5
144,Черноярский район,5
145,городской округ Астрахань,5
146,Абзелиловский район,6
147,Альшеевский район,6
148,Архангельский район,6
149,Аскинский район,6
150,Аургазинский район,6
151,Баймакский район,6
152,Бакалинский район,6
153,Балтачевский район,6
154,Белебеевский район,6
155,Белокатайский район,6
156,Белорецкий район,6
157,Бижбулякский район,6
158,Бирский район,6
159,Благоварский район,6
160,Благовещенский район,6
161,Буздякский район,6
162,Бураевский район,6
163,Бурзянский район,6
164,Гафурийский район,6
165,Давлекановский район,6
166,Дуванский район,6
167,Дюртюлинский район,6
168,Ермекеевский район,6
169,ЗАТО Межгорье,6
170,Зианчуринский район,6
171,Зилаирский район,6
172,Иглинский район,6
173,Илишевский район,6
174,Ишимбайский район,6
175,Калтасинский район,6
176,Караидельский район,6
177,Кармаскалинский район,6
178,Кигинский район,6
179,Кугарчинский район,6
180,Кушнаренковский район,6
181,Куюргазинский район,6
182,Мелеузовский район,6
183,Мечетлинский район,6
184,Мишкинский район,6
185,Миякинский район,6
186,Нуримановский район,6
187,Салаватский район,6
188,Стерлибашевский район,6
189,Стерлитамакский район,6
190,Татышлинский район,6
191,Туймазинский район,6
192,Уфимский район,6
193,Учалинский район,6
194,Фёдоровский район,6
195,Хайбуллинский район,6
196,Чекмагушевский район,6
197,Чишминский район,6
198,Шаранский район,6
199,Янаульский район,6
200,городской округ Агидель,6
201,городской округ Кумертау,6
202,городской округ Нефтекамск,6
203,городской округ Октябрьский,6
204,городской округ Салават,6
205,городской округ Сибай,6
206,городской округ Стерлитамак,6
207,городской округ Уфа,6
208,Белгородский район,7
209,Борисовский район,7
210,Вейделевский район,7
211,Волоконовский район,7
212,Ивнянский район,7
213,Корочанский район,7
214,Красненский район,7
215,Красногвардейский район,7
216,Краснояружский район,7
217,Прохоровский район,7
218,Ракитянский район,7
219,Ровеньский район,7
220,Чернянский район,7
221,Алексеевский городской округ,7
222,Валуйский городской округ,7
223,городской округ Белгород,7
224,Грайворонский городской округ,7
225,Губкинский городской округ,7
226,Новооскольский городской округ,7
227,Старооскольский городской округ,7
265,ЗАТО Радужный,9
228,Шебекинский городской округ,7
229,Яковлевский городской округ,7
230,Брасовский район,8
231,Брянский район,8
232,Выгоничский район,8
233,Гордеевский район,8
234,Дубровский район,8
235,Дятьковский район,8
236,Жирятинский район,8
237,Жуковский муниципальный округ,8
238,Злынковский район,8
239,Карачевский район,8
240,Клетнянский район,8
241,Климовский район,8
242,Клинцовский район,8
243,Комаричский район,8
244,Красногорский район,8
245,Мглинский район,8
246,Навлинский район,8
247,Погарский район,8
248,Почепский район,8
249,Рогнединский район,8
250,Севский район,8
251,Стародубский муниципальный округ,8
252,Суземский район,8
253,Суражский район,8
254,Трубчевский район,8
255,Унечский район,8
256,городской округ Брянск,8
257,городской округ Клинцы,8
258,городской округ Сельцо,8
259,городской округ Фокино,8
260,Новозыбковский городской округ,8
261,Александровский район,9
262,Вязниковский район,9
263,Гороховецкий район,9
264,Гусь-Хрустальный район,9
266,Камешковский район,9
267,Киржачский район,9
268,Ковровский район,9
269,Кольчугинский район,9
270,Меленковский район,9
271,Муромский район,9
272,Петушинский район,9
273,Селивановский район,9
274,Собинский район,9
275,Судогодский район,9
276,Суздальский район,9
277,Юрьев-Польский район,9
278,городской округ Владимир,9
279,городской округ Гусь-Хрустальный,9
280,городской округ Ковров,9
281,городской округ Муром,9
282,Алексеевский район,10
283,Быковский район,10
284,Городищенский район,10
285,Даниловский район,10
286,Дубовский район,10
287,Еланский район,10
288,Жирновский район,10
289,Иловлинский район,10
290,Калачёвский район,10
291,Камышинский район,10
292,Киквидзенский район,10
293,Клетский район,10
294,Котельниковский район,10
295,Котовский район,10
296,Кумылженский район,10
297,Ленинский район,10
298,Нехаевский район,10
299,Николаевский район,10
300,Новоаннинский район,10
301,Новониколаевский район,10
372,Репьёвский район,12
302,Октябрьский район,10
303,Ольховский район,10
304,Палласовский район,10
305,Руднянский район,10
306,Светлоярский район,10
307,Серафимовичский район,10
308,Среднеахтубинский район,10
309,Старополтавский район,10
310,Суровикинский район,10
311,Урюпинский район,10
312,Фроловский район,10
313,Чернышковский район,10
314,городской округ Волгоград,10
315,городской округ Волжский,10
316,городской округ Камышин,10
317,городской округ Михайловка,10
318,городской округ Урюпинск,10
319,городской округ Фролово,10
320,Бабаевский район,11
321,Бабушкинский район,11
322,Белозерский район,11
323,Вашкинский район,11
324,Великоустюгский район,11
325,Верховажский район,11
326,Вожегодский район,11
327,Вологодский район,11
328,Вытегорский район,11
329,Грязовецкий район,11
330,Кадуйский район,11
331,Кирилловский район,11
332,Кичменгско-Городецкий район,11
333,Междуреченский район,11
334,Никольский район,11
335,Нюксенский район,11
336,Сокольский район,11
337,Сямженский район,11
338,Тарногский район,11
339,Тотемский район,11
340,Усть-Кубинский район,11
341,Устюженский район,11
342,Харовский район,11
343,Чагодощенский район,11
344,Череповецкий район,11
345,Шекснинский район,11
346,городской округ Вологда,11
347,городской округ Череповец,11
348,Аннинский район,12
349,Бобровский район,12
350,Богучарский район,12
351,Бутурлиновский район,12
352,Верхнемамонский район,12
353,Верхнехавский район,12
354,Воробьёвский район,12
355,Грибановский район,12
356,Калачеевский район,12
357,Каменский район,12
358,Кантемировский район,12
359,Каширский район,12
360,Лискинский район,12
361,Нижнедевицкий район,12
362,Новоусманский район,12
363,Новохопёрский район,12
364,Ольховатский район,12
365,Острогожский район,12
366,Павловский район,12
367,Панинский район,12
368,Петропавловский район,12
369,Поворинский район,12
370,Подгоренский район,12
371,Рамонский район,12
373,Россошанский район,12
374,Семилукский район,12
375,Таловский район,12
376,Терновский район,12
377,Хохольский район,12
378,Эртильский район,12
379,Борисоглебский городской округ,12
380,городской округ Воронеж,12
381,городской округ Нововоронеж,12
382,Агульский район,13
383,Акушинский район,13
384,Ахвахский район,13
385,Ахтынский район,13
386,Бабаюртовский район,13
387,Ботлихский район,13
388,Буйнакский район,13
389,Гергебильский район,13
390,Гумбетовский район,13
391,Гунибский район,13
392,Дахадаевский район,13
393,Дербентский район,13
394,Докузпаринский район,13
395,Казбековский район,13
396,Кайтагский район,13
397,Карабудахкентский район,13
398,Каякентский район,13
399,Кизилюртовский район,13
400,Кизлярский район,13
401,Кулинский район,13
402,Кумторкалинский район,13
403,Курахский район,13
404,Лакский район,13
405,Левашинский район,13
406,Магарамкентский район,13
407,Новолакский район,13
408,Ногайский район,13
409,Рутульский район,13
410,Сергокалинский район,13
411,Сулейман-Стальский район,13
412,Табасаранский район,13
413,Тарумовский район,13
414,Тляратинский район,13
415,Унцукульский район,13
416,Хасавюртовский район,13
417,Хивский район,13
418,Хунзахский район,13
419,Цумадинский район,13
420,Цунтинский район,13
421,Чародинский район,13
422,Шамильский район,13
423,городской округ Буйнакск,13
424,городской округ Дагестанские Огни,13
425,городской округ Дербент,13
426,городской округ Избербаш,13
427,городской округ Каспийск,13
428,городской округ Кизилюрт,13
429,городской округ Кизляр,13
430,городской округ Махачкала,13
431,городской округ Хасавюрт,13
432,городской округ Южно-Сухокумск,13
433,Биробиджанский район,14
434,Ленинский район,14
435,Облученский район,14
436,Октябрьский район,14
437,Смидовичский район,14
438,городской округ Биробиджан,14
439,Агинский район,15
440,Акшинский район,15
441,Александрово-Заводский район,15
442,Балейский район,15
443,Борзинский район,15
444,Газимуро-Заводский район,15
445,Дульдургинский район,15
446,Забайкальский район,15
447,ЗАТО Горный,15
448,Каларский район,15
449,Калганский район,15
450,Карымский район,15
451,Краснокаменский район,15
452,Красночикойский район,15
453,Кыринский район,15
454,Могойтуйский район,15
455,Могочинский район,15
456,Нерчинский район,15
457,Нерчинско-Заводский район,15
458,Оловяннинский район,15
459,Ононский район,15
460,Петровск-Забайкальский район,15
461,Приаргунский район,15
462,Сретенский район,15
463,Тунгиро-Олёкминский район,15
464,Тунгокоченский район,15
465,Улётовский район,15
466,Хилокский район,15
467,Чернышевский район,15
468,Читинский район,15
469,Шелопугинский район,15
470,Шилкинский район,15
471,городской округ Агинское,15
472,городской округ Петровск-Забайкальский,15
473,городской округ Чита,15
474,Верхнеландеховский район,16
475,Вичугский район,16
476,Гаврилово-Посадский район,16
477,Заволжский район,16
478,Ивановский район,16
479,Ильинский район,16
480,Кинешемский район,16
481,Комсомольский район,16
482,Лежневский район,16
483,Лухский район,16
484,Палехский район,16
485,Пестяковский район,16
486,Приволжский район,16
487,Пучежский район,16
488,Родниковский район,16
489,Савинский район,16
490,Тейковский район,16
491,Фурмановский район,16
492,Шуйский район,16
493,Южский район,16
494,Юрьевецкий район,16
495,городской округ Вичуга,16
496,городской округ Иваново,16
497,городской округ Кинешма,16
498,городской округ Кохма,16
499,городской округ Тейково,16
500,городской округ Шуя,16
501,Джейрахский район,17
502,Малгобекский район,17
503,Назрановский район,17
504,Сунженский район,17
505,городской округ Карабулак,17
506,городской округ Магас,17
507,городской округ Малгобек,17
508,городской округ Назрань,17
509,Аларский район,18
510,Балаганский район,18
511,Баяндаевский район,18
512,Бодайбинский район,18
513,Боханский район,18
514,Братский район,18
515,Жигаловский район,18
516,Заларинский район,18
517,Зиминский район,18
518,Зиминское городское муниципальное образование,18
904,городской округ Железногорск,30
519,Иркутский район,18
520,Казачинско-Ленский район,18
521,Катангский район,18
522,Качугский район,18
523,Киренский район,18
524,Куйтунский район,18
525,Мамско-Чуйский район,18
526,Нижнеилимский район,18
527,Нижнеудинский район,18
528,Нукутский район,18
529,Ольхонский район,18
530,Осинский район,18
531,Свирское городское муниципальное образование,18
532,Слюдянский район,18
533,Тайшетский район,18
534,Тулунский район,18
535,Усольский район,18
536,Усть-Илимский район,18
537,Усть-Кутский район,18
538,Усть-Удинский район,18
539,Черемховский район,18
540,Черемховское городское муниципальное образование,18
541,Чунский район,18
542,Шелеховский район,18
543,Эхирит-Булагатский район,18
544,Ангарский городской округ,18
545,городской округ Братск,18
546,городской округ Иркутск,18
547,городской округ Саянск,18
548,городской округ Тулун,18
549,городской округ Усолье-Сибирское,18
550,городской округ Усть-Илимск,18
551,Баксанский район,19
552,Зольский район,19
553,Лескенский район,19
554,Майский район,19
555,Прохладненский район,19
556,Терский район,19
557,Урванский район,19
558,Чегемский район,19
559,Черекский район,19
560,Эльбрусский район,19
561,городской округ Баксан,19
562,городской округ Нальчик,19
563,городской округ Прохладный,19
564,Багратионовский городской округ,20
565,Балтийский городской округ,20
566,Гвардейский городской округ,20
567,городской округ Калининград,20
568,Гурьевский городской округ,20
569,Гусевский городской округ,20
570,Зеленоградский городской округ,20
571,Краснознаменский городской округ,20
572,Ладушкинский городской округ,20
573,Мамоновский городской округ,20
574,Неманский городской округ,20
575,Нестеровский городской округ,20
576,Озёрский городской округ,20
577,Пионерский городской округ,20
578,Полесский городской округ,20
579,Правдинский городской округ,20
580,Светловский городской округ,20
581,Светлогорский городской округ,20
582,Славский городской округ,20
583,Советский городской округ,20
584,Черняховский городской округ,20
585,Янтарный городской округ,20
586,Бабынинский район,21
587,Барятинский район,21
588,Боровский район,21
589,Дзержинский район,21
590,Думиничский район,21
591,Жиздринский район,21
592,Жуковский район,21
593,Износковский район,21
594,Кировский район,21
595,Козельский район,21
596,Куйбышевский район,21
597,Людиновский район,21
598,Малоярославецкий район,21
599,Медынский район,21
600,Мещовский район,21
601,Мосальский район,21
602,Перемышльский район,21
603,Спас-Деменский район,21
604,Сухиничский район,21
605,Тарусский район,21
606,Ульяновский район,21
607,Ферзиковский район,21
608,Хвастовичский район,21
609,Юхновский район,21
610,городской округ Калуга,21
611,городской округ Обнинск,21
612,Алеутский район,22
613,Быстринский район,22
614,Елизовский район,22
615,Карагинский район,22
616,Мильковский район,22
617,Олюторский район,22
618,Пенжинский район,22
619,Соболевский район,22
620,Тигильский район,22
621,Усть-Большерецкий район,22
622,Усть-Камчатский район,22
623,Вилючинский городской округ,22
624,городской округ Палана,22
625,Петропавловск-Камчатский городской округ,22
626,Абазинский район,23
627,Адыге-Хабльский район,23
628,Зеленчукский район,23
629,Карачаевский район,23
630,Малокарачаевский район,23
631,Ногайский район,23
632,Прикубанский район,23
633,Урупский район,23
634,Усть-Джегутинский район,23
635,Хабезский район,23
636,Карачаевский городской округ,23
637,Черкесский городской округ,23
638,Беловский район,24
639,Гурьевский муниципальный округ,24
640,Ижморский муниципальный округ,24
641,Кемеровский муниципальный округ,24
642,Крапивинский муниципальный округ,24
643,Ленинск-Кузнецкий муниципальный округ,24
644,Мариинский район,24
645,Новокузнецкий район,24
646,Прокопьевский муниципальный округ,24
647,Промышленновский муниципальный округ,24
648,Таштагольский район,24
649,Тисульский муниципальный округ,24
650,Топкинский муниципальный округ,24
651,Тяжинский муниципальный округ,24
652,Чебулинский муниципальный округ,24
653,Юргинский муниципальный округ,24
654,Яйский муниципальный округ,24
655,Яшкинский муниципальный округ,24
656,Анжеро-Судженский городской округ,24
657,Беловский городской округ,24
658,Берёзовский городской округ,24
659,Калтанский городской округ,24
660,Кемеровский городской округ,24
661,Киселёвский городской округ,24
662,Краснобродский городской округ,24
663,Ленинск-Кузнецкий городской округ,24
664,Междуреченский городской округ,24
665,Мысковский городской округ,24
666,Новокузнецкий городской округ,24
667,Осинниковский городской округ,24
668,Полысаевский городской округ,24
669,Прокопьевский городской округ,24
670,Тайгинский городской округ,24
671,Юргинский городской округ,24
672,Арбажский район,25
673,Афанасьевский район,25
674,Белохолуницкий район,25
675,Богородский муниципальный округ,25
676,Верхнекамский район,25
677,Верхошижемский район,25
678,Вятскополянский район,25
679,Даровской район,25
680,ЗАТО Первомайский,25
681,Зуевский район,25
682,Кикнурский район,25
683,Кильмезский район,25
684,Кирово-Чепецкий район,25
685,Котельничский район,25
686,Кумёнский район,25
687,Лебяжский район,25
688,Лузский район,25
689,Малмыжский район,25
690,Мурашинский район,25
691,Нагорский район,25
692,Немский район,25
693,Нолинский район,25
694,Омутнинский район,25
695,Опаринский район,25
696,Оричевский район,25
697,Орловский район,25
698,Пижанский район,25
699,Подосиновский район,25
700,Санчурский муниципальный округ,25
701,Свечинский район,25
702,Слободской район,25
703,Советский район,25
704,Сунский район,25
705,Тужинский район,25
706,Унинский район,25
707,Уржумский район,25
708,Фалёнский район,25
709,Шабалинский район,25
710,Юрьянский район,25
711,Яранский район,25
712,городской округ Вятские Поляны,25
713,городской округ Киров,25
714,городской округ Кирово-Чепецк,25
715,городской округ Котельнич,25
716,городской округ Слободской,25
717,Антроповский район,26
718,Буйский район,26
719,Вохомский район,26
720,Галичский район,26
721,Кадыйский район,26
722,Кологривский район,26
723,Костромской район,26
724,Красносельский район,26
725,Макарьевский район,26
726,Межевской район,26
727,Нейский район,26
728,Нерехтский район,26
729,Октябрьский район,26
730,Островский район,26
731,Павинский район,26
732,Парфеньевский район,26
733,Поназыревский район,26
734,Пыщугский район,26
735,Солигаличский район,26
736,Судиславский район,26
737,Сусанинский район,26
738,Чухломский район,26
739,Шарьинский район,26
740,городской округ Буй,26
741,городской округ Волгореченск,26
742,городской округ Галич,26
743,городской округ Кострома,26
744,городской округ Мантурово,26
745,городской округ Шарья,26
746,Абинский район,27
747,Апшеронский район,27
748,Белоглинский район,27
749,Белореченский район,27
750,Брюховецкий район,27
751,Выселковский район,27
752,Гулькевичский район,27
753,Динской район,27
754,Ейский район,27
755,Кавказский район,27
756,Калининский район,27
757,Каневской район,27
758,Кореновский район,27
759,Красноармейский район,27
760,Крыловский район,27
761,Крымский район,27
762,Курганинский район,27
763,Кущёвский район,27
764,Лабинский район,27
765,Ленинградский район,27
766,Мостовский район,27
767,Новокубанский район,27
768,Новопокровский район,27
769,Отрадненский район,27
770,Павловский район,27
771,Приморско-Ахтарский район,27
772,Северский район,27
773,Славянский район,27
774,Староминский район,27
775,Тбилисский район,27
776,Темрюкский район,27
777,Тимашёвский район,27
778,Тихорецкий район,27
779,Туапсинский район,27
780,Успенский район,27
781,Усть-Лабинский район,27
782,Щербиновский район,27
783,городской округ Анапа,27
784,городской округ Армавир,27
785,городской округ Геленджик,27
786,городской округ Горячий Ключ,27
787,городской округ Краснодар,27
788,городской округ Новороссийск,27
789,городской округ Сочи,27
790,Абанский район,28
791,Ачинский район,28
792,Балахтинский район,28
793,Берёзовский район,28
794,Бирилюсский район,28
795,Боготольский район,28
796,Богучанский район,28
797,Большемуртинский район,28
798,Большеулуйский район,28
799,Дзержинский район,28
800,Емельяновский район,28
801,Енисейский район,28
802,Ермаковский район,28
803,ЗАТО Железногорск,28
804,ЗАТО Зеленогорск,28
805,ЗАТО Солнечный,28
806,Идринский район,28
807,Ирбейский район,28
808,Казачинский район,28
809,Канский район,28
810,Каратузский район,28
811,Кежемский район,28
812,Козульский район,28
813,Краснотуранский район,28
814,Курагинский район,28
815,Манский район,28
816,Минусинский район,28
817,Мотыгинский район,28
818,Назаровский район,28
819,Нижнеингашский район,28
820,Новосёловский район,28
821,Партизанский район,28
822,Пировский район,28
823,Рыбинский район,28
824,Саянский район,28
825,Северо-Енисейский район,28
826,Сухобузимский район,28
827,Таймырский Долгано-Ненецкий район,28
828,Тасеевский район,28
829,Туруханский район,28
830,Тюхтетский район,28
831,Ужурский район,28
832,Уярский район,28
833,Шарыповский район,28
834,Шушенский район,28
835,Эвенкийский район,28
836,городской округ Ачинск,28
837,городской округ Боготол,28
838,городской округ Бородино,28
839,городской округ Дивногорск,28
840,городской округ Енисейск,28
841,городской округ Канск,28
842,городской округ Кедровый,28
843,городской округ Красноярск,28
844,городской округ Лесосибирск,28
845,городской округ Минусинск,28
846,городской округ Назарово,28
847,городской округ Норильск,28
848,городской округ Сосновоборск,28
849,городской округ Шарыпово,28
850,Альменевский район,29
851,Белозерский район,29
852,Варгашинский район,29
853,Далматовский район,29
854,Звериноголовский район,29
855,Каргапольский район,29
856,Катайский район,29
857,Кетовский район,29
858,Куртамышский район,29
859,Лебяжьевский район,29
860,Макушинский район,29
861,Мишкинский район,29
862,Мокроусовский район,29
863,Петуховский район,29
864,Половинский район,29
865,Притобольный район,29
866,Сафакулевский район,29
867,Целинный район,29
868,Частоозерский район,29
869,Шадринский район,29
870,Шатровский район,29
871,Шумихинский район,29
872,Щучанский район,29
873,Юргамышский район,29
874,городской округ Курган,29
875,городской округ Шадринск,29
876,Беловский район,30
877,Большесолдатский район,30
878,Глушковский район,30
879,Горшеченский район,30
880,Дмитриевский район,30
881,Железногорский район,30
882,Золотухинский район,30
883,Касторенский район,30
884,Конышёвский район,30
885,Кореневский район,30
886,Курский район,30
887,Курчатовский район,30
888,Льговский район,30
889,Мантуровский район,30
890,Медвенский район,30
891,Обоянский район,30
892,Октябрьский район,30
893,Поныровский район,30
894,Пристенский район,30
895,Рыльский район,30
896,Советский район,30
897,Солнцевский район,30
898,Суджанский район,30
899,Тимский район,30
900,Фатежский район,30
901,Хомутовский район,30
902,Черемисиновский район,30
903,Щигровский район,30
905,городской округ Курск,30
906,городской округ Курчатов,30
907,городской округ Льгов,30
908,городской округ Щигры,30
909,Бокситогорский район,31
910,Волосовский район,31
911,Волховский район,31
912,Всеволожский район,31
913,Выборгский район,31
914,Гатчинский район,31
915,Кингисеппский район,31
916,Киришский район,31
917,Кировский район,31
918,Лодейнопольский район,31
919,Ломоносовский район,31
920,Лужский район,31
921,Подпорожский район,31
922,Приозерский район,31
923,Сланцевский район,31
924,Тихвинский район,31
925,Тосненский район,31
926,Сосновоборский городской округ,31
927,Воловский район,32
928,Грязинский район,32
929,Данковский район,32
930,Добринский район,32
931,Добровский район,32
932,Долгоруковский район,32
933,Елецкий район,32
934,Задонский район,32
935,Измалковский район,32
936,Краснинский район,32
937,Лебедянский район,32
938,Лев-Толстовский район,32
939,Липецкий район,32
940,Становлянский район,32
941,Тербунский район,32
942,Усманский район,32
943,Хлевенский район,32
944,Чаплыгинский район,32
945,городской округ Елец,32
946,городской округ Липецк,32
947,городской округ Магадан,33
948,Ольский городской округ,33
949,Омсукчанский городской округ,33
950,Северо-Эвенский городской округ,33
951,Среднеканский городской округ,33
952,Сусуманский городской округ,33
953,Тенькинский городской округ,33
954,Хасынский городской округ,33
955,Ягоднинский городской округ,33
956,Волжский район,34
957,Горномарийский район,34
958,Звениговский район,34
959,Килемарский район,34
960,Куженерский район,34
961,Мари-Турекский район,34
962,Медведевский район,34
963,Моркинский район,34
964,Новоторъяльский район,34
965,Оршанский район,34
966,Параньгинский район,34
967,Сернурский район,34
968,Советский район,34
969,Юринский район,34
970,городской округ Волжск,34
971,городской округ Йошкар-Ола,34
972,городской округ Козьмодемьянск,34
973,Ардатовский район,35
974,Атюрьевский район,35
975,Атяшевский район,35
976,Большеберезниковский район,35
977,Большеигнатовский район,35
978,Дубёнский район,35
979,Ельниковский район,35
980,Зубово-Полянский район,35
981,Инсарский район,35
982,Ичалковский район,35
983,Кадошкинский район,35
984,Ковылкинский район,35
985,Кочкуровский район,35
986,Краснослободский район,35
987,Лямбирский район,35
988,Ромодановский район,35
989,Рузаевский район,35
990,Старошайговский район,35
991,Темниковский район,35
992,Теньгушевский район,35
993,Торбеевский район,35
994,Чамзинский район,35
995,городской округ Саранск,35
996,Богородский городской округ,36
997,Волоколамский городской округ,36
998,городской округ Балашиха,36
999,городской округ Бронницы,36
1097,Кстовский район,39
1000,городской округ Власиха,36
1001,городской округ Воскресенск,36
1002,городской округ Восход,36
1003,городской округ Дзержинский,36
1103,Сергачский район,39
1004,городской округ Долгопрудный,36
1005,городской округ Домодедово,36
1006,городской округ Дубна,36
1007,городской округ Егорьевск,36
1008,городской округ Жуковский,36
1009,городской округ Зарайск,36
1010,городской округ Звёздный городок,36
1011,городской округ Истра,36
1012,городской округ Кашира,36
1013,городской округ Клин,36
1014,городской округ Коломна,36
1015,городской округ Королёв,36
1016,городской округ Котельники,36
1017,городской округ Красногорск,36
1018,городской округ Краснознаменск,36
1019,городской округ Лобня,36
1020,городской округ Лосино-Петровский,36
1021,городской округ Лотошино,36
1022,городской округ Луховицы,36
1023,городской округ Лыткарино,36
1024,городской округ Люберцы,36
1025,городской округ Молодёжный,36
1026,городской округ Мытищи,36
1027,городской округ Павловский Посад,36
1028,городской округ Подольск,36
1060,ЗАТО Североморск,37
1029,городской округ Протвино,36
1030,городской округ Пушкинский,36
1031,городской округ Пущино,36
1032,городской округ Реутов,36
1033,городской округ Серебряные Пруды,36
1034,городской округ Серпухов,36
1035,городской округ Солнечногорск,36
1036,городской округ Ступино,36
1037,городской округ Фрязино,36
1038,городской округ Химки,36
1039,городской округ Черноголовка,36
1040,городской округ Чехов,36
1041,городской округ Шатура,36
1042,городской округ Шаховская,36
1043,городской округ Щёлково,36
1044,городской округ Электрогорск,36
1045,городской округ Электросталь,36
1046,Дмитровский городской округ,36
1047,Ленинский городской округ,36
1048,Можайский городской округ,36
1049,Наро-Фоминский городской округ,36
1050,Одинцовский городской округ,36
1051,Орехово-Зуевский городской округ,36
1052,Раменский городской округ,36
1053,Рузский городской округ,36
1054,Сергиево-Посадский городской округ,36
1055,Талдомский городской округ,36
1056,ЗАТО Александровск,37
1057,ЗАТО Видяево,37
1058,ЗАТО Заозёрск,37
1059,ЗАТО Островной,37
1061,Кандалакшский район,37
1062,Ковдорский район,37
1063,Кольский район,37
1064,Ловозерский район,37
1141,Поддорский район,40
1065,Печенгский район,37
1066,Терский район,37
1067,городской округ Апатиты,37
1068,городской округ Кировск,37
1069,городской округ Мончегорск,37
1070,городской округ Мурманск,37
1071,городской округ Оленегорск,37
1072,городской округ Полярные Зори,37
1073,Заполярный район,38
1074,городской округ Нарьян-Мар,38
1075,Ардатовский район,39
1076,Арзамасский район,39
1077,Балахнинский район,39
1078,Богородский район,39
1079,Большеболдинский район,39
1080,Большемурашкинский район,39
1081,Бутурлинский район,39
1082,Вадский район,39
1083,Варнавинский район,39
1084,Вачский район,39
1085,Ветлужский район,39
1086,Вознесенский район,39
1087,Володарский район,39
1088,Воскресенский район,39
1089,Гагинский район,39
1090,Городецкий район,39
1091,Дальнеконстантиновский район,39
1092,Дивеевский район,39
1093,Княгининский район,39
1094,Ковернинский район,39
1095,Краснобаковский район,39
1096,Краснооктябрьский район,39
1098,Лукояновский район,39
1099,Лысковский район,39
1100,Павловский район,39
1101,Пильнинский район,39
1102,Починковский район,39
1104,Сеченовский район,39
1105,Сосновский район,39
1106,Спасский район,39
1107,Тонкинский район,39
1108,Тоншаевский район,39
1109,Уренский район,39
1110,Шарангский район,39
1111,Шатковский район,39
1112,Воротынский городской округ,39
1113,городской округ Арзамас,39
1114,городской округ Бор,39
1115,городской округ Выкса,39
1116,городской округ Дзержинск,39
1117,городской округ Кулебаки,39
1118,городской округ Нижний Новгород,39
1119,городской округ Первомайск,39
1120,городской округ Саров,39
1121,городской округ Чкаловск,39
1122,городской округ Шахунья,39
1123,Навашинский городской округ,39
1124,Перевозский городской округ,39
1125,Семёновский городской округ,39
1126,Сокольский городской округ,39
1127,Батецкий район,40
1128,Боровичский район,40
1129,Валдайский район,40
1130,Волотовский муниципальный округ,40
1131,Демянский район,40
1132,Крестецкий район,40
1133,Любытинский район,40
1134,Маловишерский район,40
1135,Марёвский муниципальный округ,40
1136,Мошенской район,40
1137,Новгородский район,40
1138,Окуловский район,40
1139,Парфинский район,40
1140,Пестовский район,40
1142,Солецкий муниципальный округ,40
1143,Старорусский район,40
1144,Хвойнинский муниципальный округ,40
1145,Холмский район,40
1146,Чудовский район,40
1147,Шимский район,40
1148,городской округ Великий Новгород,40
1149,Баганский район,41
1150,Барабинский район,41
1151,Болотнинский район,41
1152,Венгеровский район,41
1153,Доволенский район,41
1154,Здвинский район,41
1155,Искитимский район,41
1156,Карасукский район,41
1157,Каргатский район,41
1158,Колыванский район,41
1159,Коченёвский район,41
1160,Кочковский район,41
1161,Краснозёрский район,41
1162,Куйбышевский район,41
1163,Купинский район,41
1164,Кыштовский район,41
1165,Маслянинский район,41
1166,Мошковский район,41
1167,Новосибирский район,41
1168,Ордынский район,41
1169,Северный район,41
1170,Сузунский район,41
1171,Татарский район,41
1172,Тогучинский район,41
1173,Убинский район,41
1174,Усть-Таркский район,41
1175,Чановский район,41
1176,Черепановский район,41
1177,Чистоозёрный район,41
1178,Чулымский район,41
1179,городской округ Бердск,41
1180,городской округ Новосибирск,41
1181,Азовский немецкий национальный район,42
1182,Большереченский район,42
1183,Большеуковский район,42
1184,Горьковский район,42
1185,Знаменский район,42
1186,Исилькульский район,42
1187,Калачинский район,42
1188,Колосовский район,42
1189,Кормиловский район,42
1190,Крутинский район,42
1191,Любинский район,42
1192,Марьяновский район,42
1193,Москаленский район,42
1194,Муромцевский район,42
1195,Называевский район,42
1196,Нижнеомский район,42
1197,Нововаршавский район,42
1198,Одесский район,42
1199,Оконешниковский район,42
1200,Омский район,42
1201,Павлоградский район,42
1202,Полтавский район,42
1203,Русско-Полянский район,42
1204,Саргатский район,42
1205,Седельниковский район,42
1206,Таврический район,42
1207,Тарский район,42
1208,Тевризский район,42
1209,Тюкалинский район,42
1210,Усть-Ишимский район,42
1211,Черлакский район,42
1212,Шербакульский район,42
1213,городской округ Омск,42
1214,Адамовский район,43
1215,Акбулакский район,43
1216,Александровский район,43
1217,Асекеевский район,43
1218,Беляевский район,43
1219,Бугурусланский район,43
1220,Бузулукский район,43
1221,Грачёвский район,43
1222,Домбаровский район,43
1223,ЗАТО Комаровский,43
1224,Илекский район,43
1225,Кваркенский район,43
1226,Красногвардейский район,43
1227,Курманаевский район,43
1228,Матвеевский район,43
1229,Новоорский район,43
1230,Новосергиевский район,43
1231,Октябрьский район,43
1232,Оренбургский район,43
1233,Первомайский район,43
1234,Переволоцкий район,43
1235,Пономарёвский район,43
1236,Сакмарский район,43
1237,Саракташский район,43
1238,Светлинский район,43
1239,Северный район,43
1240,Ташлинский район,43
1241,Тоцкий район,43
1242,Тюльганский район,43
1243,Шарлыкский район,43
1244,Абдулинский городской округ,43
1245,Гайский городской округ,43
1246,городской округ Бугуруслан,43
1247,городской округ Бузулук,43
1248,городской округ Медногорск,43
1249,городской округ Новотроицк,43
1250,городской округ Оренбург,43
1251,городской округ Орск,43
1252,Кувандыкский городской округ,43
1253,Соль-Илецкий городской округ,43
1254,Сорочинский городской округ,43
1255,Ясненский городской округ,43
1256,Болховский район,44
1257,Верховский район,44
1258,Глазуновский район,44
1259,Дмитровский район,44
1260,Должанский район,44
1261,Залегощенский район,44
1262,Знаменский район,44
1263,Колпнянский район,44
1264,Корсаковский район,44
1265,Краснозоренский район,44
1266,Кромской район,44
1267,Ливенский район,44
1268,Малоархангельский район,44
1269,Мценский район,44
1270,Новодеревеньковский район,44
1271,Новосильский район,44
1272,Орловский район,44
1273,Покровский район,44
1274,Свердловский район,44
1275,Сосковский район,44
1276,Троснянский район,44
1277,Урицкий район,44
1278,Шаблыкинский район,44
1279,городской округ Орёл,44
1280,Башмаковский район,45
1281,Бековский район,45
1282,Белинский район,45
1283,Бессоновский район,45
1284,Вадинский район,45
1285,Городищенский район,45
1286,ЗАТО Заречный,45
1287,Земетчинский район,45
1288,Иссинский район,45
1289,Каменский район,45
1290,Камешкирский район,45
1291,Колышлейский район,45
1292,Кузнецкий район,45
1293,Лопатинский район,45
1294,Лунинский район,45
1295,Малосердобинский район,45
1296,Мокшанский район,45
1297,Наровчатский район,45
1298,Неверкинский район,45
1299,Нижнеломовский район,45
1300,Никольский район,45
1301,Пачелмский район,45
1302,Пензенский район,45
1303,Сердобский район,45
1304,Сосновоборский район,45
1305,Спасский район,45
1306,Тамалинский район,45
1307,Шемышейский район,45
1308,городской округ Кузнецк,45
1309,городской округ Пенза,45
1310,Александровский муниципальный округ,46
1311,Бардымский район,46
1312,Берёзовский муниципальный округ,46
1313,Большесосновский район,46
1314,Гайнский муниципальный округ,46
1315,Еловский район,46
1316,ЗАТО Звёздный,46
1317,Карагайский район,46
1318,Кишертский район,46
1319,Косинский муниципальный округ,46
1320,Кочёвский муниципальный округ,46
1321,Кудымкарский муниципальный округ,46
1322,Куединский район,46
1323,Кунгурский район,46
1324,Ординский муниципальный округ,46
1325,Пермский район,46
1326,Сивинский район,46
1327,Уинский муниципальный округ,46
1328,Частинский район,46
1329,Юрлинский муниципальный округ,46
1330,Юсьвинский муниципальный округ,46
1331,Верещагинский городской округ,46
1332,Горнозаводский городской округ,46
1333,городской округ Губаха,46
1334,городской округ Кизел,46
1335,городской округ Кудымкар,46
1336,городской округ Кунгур,46
1337,Гремячинский городской округ,46
1338,Добрянский городской округ,46
1339,Ильинский городской округ,46
1340,Красновишерский городской округ,46
1341,Краснокамский городской округ,46
1342,Лысьвенский городской округ,46
1343,Нытвенский городской округ,46
1344,Октябрьский городской округ,46
1345,Осинский городской округ,46
1346,Оханский городской округ,46
1347,Очёрский городской округ,46
1348,Пермский городской округ,46
1349,Соликамский городской округ,46
1350,Суксунский городской округ,46
1351,Чайковский городской округ,46
1388,Уссурийский городской округ,47
1352,Чердынский городской округ,46
1353,Чернушинский городской округ,46
1354,Чусовской городской округ,46
1355,Анучинский муниципальный округ,47
1356,Дальнереченский район,47
1357,ЗАТО Фокино,47
1358,Кавалеровский район,47
1359,Кировский район,47
1360,Красноармейский район,47
1361,Лазовский муниципальный округ,47
1362,Михайловский район,47
1363,Надеждинский район,47
1364,Октябрьский муниципальный округ,47
1365,Ольгинский район,47
1366,Партизанский район,47
1367,Пограничный муниципальный округ,47
1368,Пожарский район,47
1369,Спасский район,47
1370,Тернейский район,47
1371,Ханкайский район,47
1372,Хасанский район,47
1373,Хорольский муниципальный округ,47
1374,Черниговский район,47
1375,Чугуевский муниципальный округ,47
1376,Шкотовский район,47
1377,Яковлевский район,47
1378,Арсеньевский городской округ,47
1379,Артёмовский городской округ,47
1380,Владивостокский городской округ,47
1381,городской округ Большой Камень,47
1382,городской округ Спасск-Дальний,47
1383,Дальнегорский городской округ,47
1384,Дальнереченский городской округ,47
1385,Лесозаводский городской округ,47
1386,Находкинский городской округ,47
1387,Партизанский городской округ,47
1389,Бежаницкий район,48
1390,Великолукский район,48
1391,Гдовский район,48
1392,Дедовичский район,48
1393,Дновский район,48
1394,Красногородский район,48
1395,Куньинский район,48
1396,Локнянский район,48
1397,Невельский район,48
1398,Новоржевский район,48
1399,Новосокольнический район,48
1400,Опочецкий район,48
1401,Островский район,48
1402,Палкинский район,48
1403,Печорский район,48
1404,Плюсский район,48
1405,Порховский район,48
1406,Псковский район,48
1407,Пустошкинский район,48
1408,Пушкиногорский район,48
1409,Пыталовский район,48
1410,Себежский район,48
1411,Струго-Красненский район,48
1412,Усвятский район,48
1413,городской округ Великие Луки,48
1414,городской округ Псков,48
1415,Кош-Агачский район,49
1416,Майминский район,49
1417,Онгудайский район,49
1418,Турочакский район,49
1419,Улаганский район,49
1420,Усть-Канский район,49
1421,Усть-Коксинский район,49
1422,Чемальский район,49
1423,Чойский район,49
1424,Шебалинский район,49
1425,городской округ Горно-Алтайск,49
1426,Баргузинский район,50
1427,Баунтовский эвенкийский район,50
1428,Бичурский район,50
1429,Джидинский район,50
1430,Еравнинский район,50
1431,Заиграевский район,50
1432,Закаменский район,50
1433,Иволгинский район,50
1434,Кабанский район,50
1435,Кижингинский район,50
1436,Курумканский район,50
1437,Кяхтинский район,50
1438,Муйский район,50
1439,Мухоршибирский район,50
1440,Окинский район,50
1441,Прибайкальский район,50
1442,Северо-Байкальский район,50
1443,Селенгинский район,50
1444,Тарбагатайский район,50
1445,Тункинский район,50
1446,Хоринский район,50
1447,городской округ Северобайкальск,50
1448,городской округ Улан-Удэ,50
1449,Городовиковский район,51
1450,Ики-Бурульский район,51
1451,Кетченеровский район,51
1452,Лаганский район,51
1453,Малодербетовский район,51
1454,Октябрьский район,51
1455,Приютненский район,51
1456,Сарпинский район,51
1457,Целинный район,51
1458,Черноземельский район,51
1459,Юстинский район,51
1460,Яшалтинский район,51
1461,Яшкульский район,51
1462,городской округ Элиста,51
1463,Беломорский район,52
1464,Калевальский район,52
1465,Кемский район,52
1466,Кондопожский район,52
1467,Лахденпохский район,52
1468,Лоухский район,52
1469,Медвежьегорский район,52
1470,Муезерский район,52
1471,Олонецкий район,52
1472,Питкярантский район,52
1473,Прионежский район,52
1474,Пряжинский район,52
1475,Пудожский район,52
1476,Сегежский район,52
1477,Сортавальский район,52
1478,Суоярвский район,52
1479,Костомукшский городской округ,52
1480,Петрозаводский городской округ,52
1481,Ижемский район,53
1482,Княжпогостский район,53
1483,Койгородский район,53
1484,Корткеросский район,53
1485,Прилузский район,53
1486,район Печора,53
1755,Горноуральский городской округ,63
1487,район Сосногорск,53
1488,Сыктывдинский район,53
1489,Сысольский район,53
1490,Троицко-Печорский район,53
1491,Удорский район,53
1492,Усть-Вымский район,53
1493,Усть-Куломский район,53
1494,Усть-Цилемский район,53
1495,городской округ Воркута,53
1496,городской округ Вуктыл,53
1497,городской округ Инта,53
1498,городской округ Сыктывкар,53
1499,городской округ Усинск,53
1500,городской округ Ухта,53
1501,Бахчисарайский район,54
1502,Белогорский район,54
1503,Джанкойский район,54
1504,Кировский район,54
1505,Красногвардейский район,54
1506,Красноперекопский район,54
1507,Ленинский район,54
1508,Нижнегорский район,54
1509,Первомайский район,54
1510,Раздольненский район,54
1511,Сакский район,54
1512,Симферопольский район,54
1513,Советский район,54
1514,Черноморский район,54
1515,городской округ Алушта,54
1516,городской округ Армянск,54
1517,городской округ Джанкой,54
1518,городской округ Евпатория,54
1519,городской округ Керчь,54
1520,городской округ Красноперекопск,54
1521,городской округ Саки,54
1522,городской округ Симферополь,54
1523,городской округ Судак,54
1524,городской округ Феодосия,54
1525,городской округ Ялта,54
1526,Бай-Тайгинский кожуун,56
1527,Барун-Хемчикский кожуун,56
1528,Дзун-Хемчикский кожуун,56
1529,Каа-Хемский кожуун,56
1530,Кызылский кожуун,56
1531,Монгун-Тайгинский кожуун,56
1532,Овюрский кожуун,56
1533,Пий-Хемский кожуун,56
1534,Сут-Хольский кожуун,56
1535,Тандинский кожуун,56
1536,Тере-Хольский кожуун,56
1537,Тес-Хемский кожуун,56
1538,Тоджинский кожуун,56
1539,Улуг-Хемский кожуун,56
1540,Чаа-Хольский кожуун,56
1541,Чеди-Хольский кожуун,56
1542,Эрзинский кожуун,56
1543,городской округ Ак-Довурак,56
1544,городской округ Город Кызыл,56
1545,Алтайский район,57
1546,Аскизский район,57
1547,Бейский район,57
1548,Боградский район,57
1549,Орджоникидзевский район,57
1550,Таштыпский район,57
1551,Усть-Абаканский район,57
1552,Ширинский район,57
1553,городской округ Абакан,57
1554,городской округ Саяногорск,57
1555,Азовский район,58
1556,Аксайский район,58
1557,Багаевский район,58
1558,Белокалитвинский район,58
1559,Боковский район,58
1560,Верхнедонской район,58
1561,Весёловский район,58
1562,Волгодонской район,58
1563,Дубовский район,58
1564,Егорлыкский район,58
1565,Заветинский район,58
1566,Зерноградский район,58
1567,Зимовниковский район,58
1568,Кагальницкий район,58
1569,Каменский район,58
1570,Кашарский район,58
1571,Константиновский район,58
1572,Красносулинский район,58
1573,Куйбышевский район,58
1574,Мартыновский район,58
1575,Матвеево-Курганский район,58
1748,Белоярский городской округ,63
1576,Миллеровский район,58
1577,Милютинский район,58
1578,Морозовский район,58
1579,Мясниковский район,58
1580,Неклиновский район,58
1581,Обливский район,58
1582,Октябрьский район,58
1583,Орловский район,58
1584,Песчанокопский район,58
1585,Пролетарский район,58
1586,Ремонтненский район,58
1587,Родионово-Несветайский район,58
1588,Сальский район,58
1589,Семикаракорский район,58
1590,Советский район,58
1591,Тарасовский район,58
1592,Тацинский район,58
1593,Усть-Донецкий район,58
1594,Целинский район,58
1595,Цимлянский район,58
1596,Чертковский район,58
1597,Шолоховский район,58
1598,городской округ Азов,58
1599,городской округ Батайск,58
1600,городской округ Волгодонск,58
1601,городской округ Гуково,58
1602,городской округ Донецк,58
1603,городской округ Зверево,58
1604,городской округ Каменск-Шахтинский,58
1605,городской округ Новочеркасск,58
1606,городской округ Новошахтинск,58
1607,городской округ Ростов-на-Дону,58
1608,городской округ Таганрог,58
1609,городской округ Шахты,58
1610,Александро-Невский район,59
1611,Ермишинский район,59
1612,Захаровский район,59
1613,Кадомский район,59
1614,Касимовский район,59
1615,Клепиковский район,59
1616,Кораблинский район,59
1617,Милославский район,59
1618,Михайловский район,59
1619,Пителинский район,59
1620,Пронский район,59
1621,Путятинский район,59
1622,Рыбновский район,59
1623,Ряжский район,59
1624,Рязанский район,59
1625,Сапожковский район,59
1626,Сараевский район,59
1627,Сасовский район,59
1628,Скопинский район,59
1629,Спасский район,59
1630,Старожиловский район,59
1631,Ухоловский район,59
1632,Чучковский район,59
1633,Шацкий район,59
1634,Шиловский район,59
1635,городской округ Касимов,59
1636,городской округ Рязань,59
1637,городской округ Сасово,59
1638,городской округ Скопин,59
1639,Алексеевский район,60
1640,Безенчукский район,60
1641,Богатовский район,60
1642,Большеглушицкий район,60
1643,Большечерниговский район,60
1644,Борский район,60
1645,Волжский район,60
1646,Елховский район,60
1647,Исаклинский район,60
1648,Камышлинский район,60
1749,Берёзовский городской округ,63
1649,Кинель-Черкасский район,60
1650,Кинельский район,60
1651,Клявлинский район,60
1652,Кошкинский район,60
1653,Красноармейский район,60
1654,Красноярский район,60
1655,Нефтегорский район,60
1656,Пестравский район,60
1657,Похвистневский район,60
1658,Приволжский район,60
1659,Сергиевский район,60
1660,Ставропольский район,60
1661,Сызранский район,60
1662,Хворостянский район,60
1663,Челно-Вершинский район,60
1664,Шенталинский район,60
1665,Шигонский район,60
1666,городской округ Жигулёвск,60
1667,городской округ Кинель,60
1668,городской округ Новокуйбышевск,60
1669,городской округ Октябрьск,60
1670,городской округ Отрадный,60
1671,городской округ Похвистнево,60
1672,городской округ Самара,60
1673,городской округ Сызрань,60
1674,городской округ Тольятти,60
1675,городской округ Чапаевск,60
1676,Александрово-Гайский район,61
1677,Аркадакский район,61
1678,Аткарский район,61
1679,Базарно-Карабулакский район,61
1680,Балаковский район,61
1681,Балашовский район,61
1682,Балтайский район,61
1683,Вольский район,61
1684,Воскресенский район,61
1685,Дергачёвский район,61
1686,Духовницкий район,61
1687,Екатериновский район,61
1688,Ершовский район,61
1689,ЗАТО Светлый,61
1690,Ивантеевский район,61
1691,Калининский район,61
1692,Красноармейский район,61
1693,Краснокутский район,61
1694,Краснопартизанский район,61
1695,Лысогорский район,61
1696,Марксовский район,61
1697,Новобурасский район,61
1698,Новоузенский район,61
1699,Озинский район,61
1700,Перелюбский район,61
1701,Петровский район,61
1702,Питерский район,61
1703,Пугачёвский район,61
1704,Ровенский район,61
1705,Романовский район,61
1706,Ртищевский район,61
1707,Самойловский район,61
1708,Саратовский район,61
1709,Советский район,61
1710,Татищевский район,61
1711,Турковский район,61
1712,Фёдоровский район,61
1713,Хвалынский район,61
1714,Энгельсский район,61
1715,городской округ Михайловский,61
1716,городской округ Саратов,61
1717,городской округ Шиханы,61
1718,Александровск-Сахалинский район,62
1719,Анивский городской округ,62
1720,городской округ Южно-Сахалинск,62
1721,Долинский городской округ,62
1722,Корсаковский городской округ,62
1723,Курильский городской округ,62
1724,Макаровский городской округ,62
1725,Невельский городской округ,62
1726,Ногликский городской округ,62
1727,Охинский городской округ,62
1728,Поронайский городской округ,62
1729,Северо-Курильский городской округ,62
1730,Смирныховский городской округ,62
1731,Томаринский городской округ,62
1732,Тымовский городской округ,62
1733,Углегорский городской округ,62
1734,Холмский городской округ,62
1735,Южно-Курильский городской округ,62
1736,Байкаловский район,63
1737,ЗАТО Свободный,63
1738,Камышловский район,63
1739,Красноуфимский округ,63
1740,Нижнесергинский район,63
1741,Слободо-Туринский район,63
1742,Таборинский район,63
1743,Арамильский городской округ,63
1744,Артёмовский городской округ,63
1745,Артинский городской округ,63
1746,Асбестовский городской округ,63
1747,Ачитский городской округ,63
1750,Бисертский городской округ,63
1751,Верхнесалдинский городской округ,63
1752,Верхотурский городской округ,63
1753,Волчанский городской округ,63
1754,Гаринский городской округ,63
1756,городской округ Алапаевск,63
1757,городской округ Алапаевское,63
1758,городской округ Богданович,63
1759,городской округ Верх-Нейвинский,63
1760,городской округ Верхнее Дуброво,63
1761,городской округ Верхний Тагил,63
1762,городской округ Верхняя Пышма,63
1763,городской округ Верхняя Тура,63
1764,городской округ Дегтярск,63
1765,городской округ Екатеринбург,63
1766,городской округ Заречный,63
1767,городской округ Ирбит,63
1768,городской округ Ирбитское,63
1769,городской округ Каменск-Уральский,63
1770,городской округ Карпинск,63
1771,городской округ Краснотурьинск,63
1772,городской округ Красноуральск,63
1773,городской округ Красноуфимск,63
1774,городской округ Лесной,63
1775,городской округ Махнёвское,63
1776,городской округ Нижний Тагил,63
1777,городской округ Нижняя Салда,63
1778,городской округ Пелым,63
1779,городской округ Первоуральск,63
1780,городской округ Ревда,63
1781,городской округ Среднеуральск,63
1782,городской округ Староуткинск,63
1783,городской округ Сухой Лог,63
1784,городской округ Уральский,63
1785,Ивдельский городской округ,63
1786,Каменский городской округ,63
1787,Камышловский городской округ,63
1788,Качканарский городской округ,63
1789,Кировградский городской округ,63
1790,Кушвинский городской округ,63
1791,Малышевский городской округ,63
1792,Невьянский городской округ,63
1793,Нижнетуринский городской округ,63
1794,Новолялинский городской округ,63
1795,Новоуральский городской округ,63
1796,Полевской городской округ,63
1908,Агрызский район,68
1797,Пышминский городской округ,63
1798,Режевской городской округ,63
1799,Рефтинский городской округ,63
1800,Североуральский городской округ,63
1801,Серовский городской округ,63
1802,Сосьвинский городской округ,63
1803,Сысертский городской округ,63
1804,Тавдинский городской округ,63
1805,Талицкий городской округ,63
1806,Тугулымский городской округ,63
1807,Туринский городской округ,63
1808,Шалинский городской округ,63
1809,Алагирский район,64
1810,Ардонский район,64
1811,Дигорский район,64
1812,Ирафский район,64
1813,Кировский район,64
1814,Моздокский район,64
1815,Правобережный район,64
1816,Пригородный район,64
1817,городской округ Владикавказ,64
1818,Велижский район,65
1819,Вяземский район,65
1820,Гагаринский район,65
1821,Глинковский район,65
1822,Демидовский район,65
1823,Дорогобужский район,65
1824,Духовщинский район,65
1825,Ельнинский район,65
1826,Ершичский район,65
1827,Кардымовский район,65
1828,Краснинский район,65
1829,Монастырщинский район,65
1830,Новодугинский район,65
1831,Починковский район,65
1832,Рославльский район,65
1833,Руднянский район,65
1834,Сафоновский район,65
1835,Смоленский район,65
1836,Сычёвский район,65
1837,Тёмкинский район,65
1838,Угранский район,65
1839,Хиславичский район,65
1840,Холм-Жирковский район,65
1841,Шумячский район,65
1842,Ярцевский район,65
1843,городской округ Десногорск,65
1844,городской округ Смоленск,65
1845,Александровский район,66
1846,Андроповский район,66
1847,Апанасенковский район,66
1848,Арзгирский район,66
1849,Будённовский район,66
1850,Грачёвский район,66
1851,Кочубеевский район,66
1852,Красногвардейский район,66
1853,Курский район,66
1854,Левокумский район,66
1855,Новоселицкий район,66
1856,Предгорный район,66
1857,Степновский район,66
1858,Труновский район,66
1859,Туркменский район,66
1860,Шпаковский район,66
1861,Благодарненский городской округ,66
1862,Георгиевский городской округ,66
1863,городской округ Ессентуки,66
1864,городской округ Железноводск,66
1865,городской округ Кисловодск,66
1866,городской округ Лермонтов,66
1867,городской округ Невинномысск,66
1868,городской округ Пятигорск,66
1869,городской округ Ставрополь,66
1870,Изобильненский городской округ,66
1871,Ипатовский городской округ,66
1872,Кировский городской округ,66
1873,Минераловодский городской округ,66
1874,Нефтекумский городской округ,66
1875,Новоалександровский городской округ,66
1876,Петровский городской округ,66
1877,Советский городской округ,66
1878,Бондарский район,67
1879,Гавриловский район,67
1880,Жердевский район,67
1881,Знаменский район,67
1882,Инжавинский район,67
1883,Кирсановский район,67
1884,Мичуринский район,67
1885,Мордовский район,67
1886,Моршанский район,67
1887,Мучкапский район,67
1888,Никифоровский район,67
1889,Первомайский район,67
1890,Петровский район,67
1891,Пичаевский район,67
1892,Рассказовский район,67
1893,Ржаксинский район,67
1894,Сампурский район,67
1895,Сосновский район,67
1896,Староюрьевский район,67
1897,Тамбовский район,67
1898,Токарёвский район,67
1899,Уваровский район,67
1900,Умётский район,67
1901,городской округ Кирсанов,67
1902,городской округ Котовск,67
1903,городской округ Мичуринск,67
1904,городской округ Моршанск,67
1905,городской округ Рассказово,67
1906,городской округ Тамбов,67
1907,городской округ Уварово,67
1909,Азнакаевский район,68
1910,Аксубаевский район,68
1911,Актанышский район,68
1912,Алексеевский район,68
1913,Алькеевский район,68
1914,Альметьевский район,68
1915,Апастовский район,68
1916,Арский район,68
1917,Атнинский район,68
1918,Бавлинский район,68
1919,Балтасинский район,68
1920,Бугульминский район,68
1921,Буинский район,68
1922,Верхнеуслонский район,68
1923,Высокогорский район,68
1924,Дрожжановский район,68
1925,Елабужский район,68
1926,Заинский район,68
1927,Зеленодольский район,68
1928,Кайбицкий район,68
1929,Камско-Устьинский район,68
1930,Кукморский район,68
1931,Лаишевский район,68
1932,Лениногорский район,68
1933,Мамадышский район,68
1934,Менделеевский район,68
1935,Мензелинский район,68
1936,Муслюмовский район,68
1937,Нижнекамский район,68
1938,Новошешминский район,68
1939,Нурлатский район,68
1940,Пестречинский район,68
1941,Рыбно-Слободский район,68
1942,Сабинский район,68
1943,Сармановский район,68
1944,Спасский район,68
1945,Тетюшский район,68
1946,Тукаевский район,68
1947,Тюлячинский район,68
2021,Каменский район,71
1948,Черемшанский район,68
1949,Чистопольский район,68
1950,Ютазинский район,68
1951,городской округ Казань,68
1952,городской округ Набережные Челны,68
1953,Андреапольский муниципальный округ,69
1954,Бежецкий район,69
1955,Бельский район,69
1956,Бологовский район,69
1957,Весьегонский муниципальный округ,69
1958,Жарковский район,69
1959,Западнодвинский муниципальный округ,69
1960,ЗАТО Озёрный,69
1961,ЗАТО Солнечный,69
1962,Зубцовский район,69
1963,Калининский район,69
1964,Калязинский район,69
1965,Кесовогорский район,69
1966,Кимрский район,69
1967,Конаковский район,69
1968,Краснохолмский муниципальный округ,69
1969,Кувшиновский район,69
1970,Лесной муниципальный округ,69
1971,Лихославльский район,69
1972,Максатихинский район,69
1973,Молоковский район,69
1974,Оленинский муниципальный округ,69
1975,Пеновский муниципальный округ,69
1976,Рамешковский район,69
1977,Ржевский район,69
1978,Сандовский муниципальный округ,69
1979,Селижаровский муниципальный округ,69
1980,Сонковский район,69
1981,Спировский район,69
1982,Старицкий район,69
1983,Торжокский район,69
1984,Торопецкий район,69
1985,Фировский район,69
1986,Вышневолоцкий городской округ,69
1987,городской округ Кимры,69
1988,городской округ Ржев,69
1989,городской округ Торжок,69
1990,Кашинский городской округ,69
1991,Нелидовский городской округ,69
1992,Осташковский городской округ,69
1993,Удомельский городской округ,69
1994,Александровский район,70
1995,Асиновский район,70
1996,Бакчарский район,70
1997,Верхнекетский район,70
1998,ЗАТО Северск,70
1999,Зырянский район,70
2000,Каргасокский район,70
2001,Кожевниковский район,70
2002,Колпашевский район,70
2003,Кривошеинский район,70
2004,Молчановский район,70
2005,Парабельский район,70
2006,Первомайский район,70
2007,Тегульдетский район,70
2008,Томский район,70
2009,Чаинский район,70
2010,Шегарский район,70
2011,городской округ Кедровый,70
2012,городской округ Стрежевой,70
2013,городской округ Томск,70
2014,Арсеньевский район,71
2015,Белёвский район,71
2016,Богородицкий район,71
2017,Венёвский район,71
2018,Воловский район,71
2019,Дубенский район,71
2020,Заокский район,71
2022,Кимовский район,71
2023,Киреевский район,71
2024,Куркинский район,71
2025,Одоевский район,71
2026,Плавский район,71
2027,Суворовский район,71
2028,Тёпло-Огарёвский район,71
2029,Узловский район,71
2030,Чернский район,71
2031,Щёкинский район,71
2032,Ясногорский район,71
2033,городской округ Алексин,71
2034,городской округ Донской,71
2035,городской округ Ефремов,71
2036,городской округ Новогуровский,71
2037,городской округ Новомосковск,71
2038,городской округ Славный,71
2039,Абатский район,72
2040,Армизонский район,72
2041,Аромашевский район,72
2042,Бердюжский район,72
2043,Вагайский район,72
2044,Викуловский район,72
2045,Исетский район,72
2046,Ишимский район,72
2047,Казанский район,72
2048,Нижнетавдинский район,72
2049,Омутинский район,72
2050,Сладковский район,72
2051,Сорокинский район,72
2052,Тобольский район,72
2053,Тюменский район,72
2054,Уватский район,72
2055,Упоровский район,72
2056,Юргинский район,72
2057,Ялуторовский район,72
2058,Ярковский район,72
2059,Голышмановский городской округ,72
2060,городской округ Ишим,72
2061,городской округ Тобольск,72
2062,городской округ Тюмень,72
2063,городской округ Ялуторовск,72
2064,Заводоуковский городской округ,72
2065,Алнашский район,73
2066,Балезинский район,73
2067,Вавожский район,73
2068,Воткинский район,73
2069,Глазовский район,73
2070,Граховский район,73
2071,Дебёсский район,73
2072,Завьяловский район,73
2073,Игринский район,73
2074,Камбарский район,73
2075,Каракулинский район,73
2076,Кезский район,73
2077,Кизнерский район,73
2078,Киясовский район,73
2079,Красногорский район,73
2080,Малопургинский район,73
2081,Можгинский район,73
2082,Сарапульский район,73
2083,Селтинский район,73
2084,Сюмсинский район,73
2085,Увинский район,73
2086,Шарканский район,73
2087,Юкаменский район,73
2088,Якшур-Бодьинский район,73
2089,Ярский район,73
2090,городской округ Воткинск,73
2091,городской округ Глазов,73
2092,городской округ Ижевск,73
2093,городской округ Можга,73
2094,городской округ Сарапул,73
2095,Базарносызганский район,74
2096,Барышский район,74
2097,Вешкаймский район,74
2098,Инзенский район,74
2099,Карсунский район,74
2100,Кузоватовский район,74
2101,Майнский район,74
2102,Мелекесский район,74
2103,Николаевский район,74
2104,Новомалыклинский район,74
2105,Новоспасский район,74
2106,Павловский район,74
2107,Радищевский район,74
2108,Сенгилеевский район,74
2109,Старокулаткинский район,74
2110,Старомайнский район,74
2111,Сурский район,74
2112,Тереньгульский район,74
2113,Ульяновский район,74
2114,Цильнинский район,74
2115,Чердаклинский район,74
2116,городской округ Димитровград,74
2117,городской округ Новоульяновск,74
2118,городской округ Ульяновск,74
2119,Амурский район,75
2120,Аяно-Майский район,75
2121,Бикинский район,75
2122,Ванинский район,75
2123,Верхнебуреинский район,75
2124,Вяземский район,75
2125,Комсомольский район,75
2126,Нанайский район,75
2127,Николаевский район,75
2128,Охотский район,75
2129,район имени Лазо,75
2130,район имени Полины Осипенко,75
2131,Советско-Гаванский район,75
2132,Солнечный район,75
2133,Тугуро-Чумиканский район,75
2134,Ульчский район,75
2135,Хабаровский район,75
2136,городской округ Комсомольск-на-Амуре,75
2137,городской округ Хабаровск,75
2138,Белоярский район,76
2139,Берёзовский район,76
2140,Кондинский район,76
2141,Нефтеюганский район,76
2142,Нижневартовский район,76
2143,Октябрьский район,76
2144,Советский район,76
2145,Сургутский район,76
2146,Ханты-Мансийский район,76
2147,городской округ Когалым,76
2148,городской округ Лангепас,76
2149,городской округ Мегион,76
2150,городской округ Нефтеюганск,76
2151,городской округ Нижневартовск,76
2152,городской округ Нягань,76
2153,городской округ Покачи,76
2154,городской округ Пыть-Ях,76
2155,городской округ Радужный,76
2156,городской округ Сургут,76
2157,городской округ Урай,76
2158,городской округ Ханты-Мансийск,76
2159,городской округ Югорск,76
2160,Агаповский район,77
2161,Аргаяшский район,77
2162,Ашинский район,77
2163,Брединский район,77
2164,Варненский район,77
2165,Верхнеуральский район,77
2166,Еманжелинский район,77
2167,Еткульский район,77
2168,Карталинский район,77
2169,Каслинский район,77
2170,Катав-Ивановский район,77
2171,Кизильский район,77
2172,Коркинский район,77
2173,Красноармейский район,77
2174,Кунашакский район,77
2175,Кусинский район,77
2176,Нагайбакский район,77
2177,Нязепетровский район,77
2178,Октябрьский район,77
2179,Пластовский район,77
2180,Саткинский район,77
2181,Сосновский район,77
2182,Троицкий район,77
2183,Увельский район,77
2184,Уйский район,77
2185,Чебаркульский район,77
2186,Чесменский район,77
2187,Верхнеуфалейский городской округ,77
2188,Златоустовский городской округ,77
2189,Карабашский городской округ,77
2190,Копейский городской округ,77
2191,Кыштымский городской округ,77
2192,Локомотивный городской округ,77
2193,Магнитогорский городской округ,77
2194,Миасский городской округ,77
2195,Озёрский городской округ,77
2196,Снежинский городской округ,77
2197,Трёхгорный городской округ,77
2198,Троицкий городской округ,77
2199,Усть-Катавский городской округ,77
2200,Чебаркульский городской округ,77
2201,Челябинский городской округ,77
2202,Южноуральский городской округ,77
2203,Ачхой-Мартановский район,78
2204,Веденский район,78
2205,Грозненский район,78
2206,Гудермесский район,78
2207,Итум-Калинский район,78
2208,Курчалоевский район,78
2209,Надтеречный район,78
2210,Наурский район,78
2211,Ножай-Юртовский район,78
2212,Урус-Мартановский район,78
2213,Шалинский район,78
2214,Шаройский район,78
2215,Шатойский район,78
2216,городской округ Аргун,78
2217,городской округ Грозный,78
2218,Алатырский район,79
2219,Аликовский район,79
2220,Батыревский район,79
2221,Вурнарский район,79
2222,Ибресинский район,79
2223,Канашский район,79
2224,Козловский район,79
2225,Комсомольский район,79
2226,Красноармейский район,79
2227,Красночетайский район,79
2228,Мариинско-Посадский район,79
2229,Моргаушский район,79
2230,Порецкий район,79
2231,Урмарский район,79
2232,Цивильский район,79
2233,Чебоксарский район,79
2234,Шемуршинский район,79
2235,Шумерлинский район,79
2236,Ядринский район,79
2237,Яльчикский район,79
2238,Янтиковский район,79
2239,городской округ Алатырь,79
2240,городской округ Канаш,79
2241,городской округ Новочебоксарск,79
2242,городской округ Чебоксары,79
2243,городской округ Шумерля,79
2244,Анадырский район,80
2245,Билибинский район,80
2246,Чукотский район,80
2247,городской округ Певек,80
2248,городской округ Эгвекинот,80
2249,Провиденский городской округ,80
2250,Красноселькупский район,81
2251,Надымский район,81
2252,Приуральский район,81
2253,Пуровский район,81
2254,Тазовский район,81
2255,Шурышкарский район,81
2256,Ямальский район,81
2257,городской округ Губкинский,81
2258,городской округ Лабытнанги,81
2259,городской округ Муравленко,81
2260,городской округ Новый Уренгой,81
2261,городской округ Ноябрьск,81
2262,городской округ Салехард,81
2263,Большесельский район,82
2264,Борисоглебский район,82
2265,Брейтовский район,82
2266,Гаврилов-Ямский район,82
2267,Даниловский район,82
2268,Любимский район,82
2269,Мышкинский район,82
2270,Некоузский район,82
2271,Некрасовский район,82
2272,Первомайский район,82
2273,Пошехонский район,82
2274,Ростовский район,82
2275,Рыбинский район,82
2276,Тутаевский район,82
2277,Угличский район,82
2278,Ярославский район,82
2279,городской округ Переславль-Залесский,82
2280,городской округ Рыбинск,82
2281,городской округ Ярославль,82
